timestamp,demand_mw,solar_mw,wind_mw,frequency_hz,source
2026-01-01T00:00:00Z,537.58,0.0,62.75,49.9862,synthetic_seed_42
2026-01-01T01:00:00Z,530.5,0.0,71.14,49.9793,synthetic_seed_42
2026-01-01T02:00:00Z,517.66,0.0,66.59,50.0003,synthetic_seed_42
2026-01-01T03:00:00Z,509.2,0.0,73.04,50.0022,synthetic_seed_42
2026-01-01T04:00:00Z,525.01,0.0,76.69,49.9753,synthetic_seed_42
2026-01-01T05:00:00Z,558.46,0.0,73.95,49.9828,synthetic_seed_42
2026-01-01T06:00:00Z,583.72,0.0,73.29,49.9798,synthetic_seed_42
2026-01-01T07:00:00Z,604.54,43.82,82.11,50.0115,synthetic_seed_42
2026-01-01T08:00:00Z,621.09,89.64,79.31,50.0026,synthetic_seed_42
2026-01-01T09:00:00Z,655.76,120.0,85.45,50.0039,synthetic_seed_42
2026-01-01T10:00:00Z,676.14,133.57,80.2,49.9895,synthetic_seed_42
2026-01-01T11:00:00Z,678.1,153.86,79.81,49.9889,synthetic_seed_42
2026-01-01T12:00:00Z,710.67,162.85,83.14,49.9855,synthetic_seed_42
2026-01-01T13:00:00Z,709.6,172.21,86.32,50.0055,synthetic_seed_42
2026-01-01T14:00:00Z,710.13,149.55,81.63,49.994,synthetic_seed_42
2026-01-01T15:00:00Z,731.28,120.41,85.48,50.0092,synthetic_seed_42
2026-01-01T16:00:00Z,716.89,86.98,81.86,49.9766,synthetic_seed_42
2026-01-01T17:00:00Z,685.17,41.47,81.11,50.0221,synthetic_seed_42
2026-01-01T18:00:00Z,681.29,0.0,84.74,49.9948,synthetic_seed_42
2026-01-01T19:00:00Z,658.32,0.0,79.8,49.9873,synthetic_seed_42
2026-01-01T20:00:00Z,621.84,0.0,81.75,50.0199,synthetic_seed_42
2026-01-01T21:00:00Z,591.1,0.0,84.44,50.0005,synthetic_seed_42
2026-01-01T22:00:00Z,557.73,0.0,73.94,50.0064,synthetic_seed_42
2026-01-01T23:00:00Z,558.05,0.0,71.7,49.9941,synthetic_seed_42
2026-01-02T00:00:00Z,548.28,0.0,78.86,50.018,synthetic_seed_42
2026-01-02T01:00:00Z,508.75,0.0,73.93,50.0018,synthetic_seed_42
2026-01-02T02:00:00Z,513.0,0.0,66.12,49.9967,synthetic_seed_42
2026-01-02T03:00:00Z,522.02,0.0,71.58,49.9882,synthetic_seed_42
2026-01-02T04:00:00Z,533.42,0.0,69.74,50.0185,synthetic_seed_42
2026-01-02T05:00:00Z,543.24,0.0,64.48,49.9826,synthetic_seed_42
2026-01-02T06:00:00Z,577.88,0.0,63.97,50.0015,synthetic_seed_42
2026-01-02T07:00:00Z,579.14,41.86,54.23,50.0215,synthetic_seed_42
2026-01-02T08:00:00Z,631.36,87.73,55.03,49.9779,synthetic_seed_42
2026-01-02T09:00:00Z,657.22,126.27,50.83,49.9993,synthetic_seed_42
2026-01-02T10:00:00Z,657.08,150.29,55.78,49.9814,synthetic_seed_42
2026-01-02T11:00:00Z,689.97,162.13,49.06,50.0186,synthetic_seed_42
2026-01-02T12:00:00Z,704.3,158.72,50.26,50.0115,synthetic_seed_42
2026-01-02T13:00:00Z,707.63,155.92,53.46,50.0075,synthetic_seed_42
2026-01-02T14:00:00Z,718.14,144.6,43.56,49.9862,synthetic_seed_42
2026-01-02T15:00:00Z,711.74,119.42,43.72,49.986,synthetic_seed_42
2026-01-02T16:00:00Z,693.73,85.02,43.0,50.0203,synthetic_seed_42
2026-01-02T17:00:00Z,701.5,40.09,42.63,50.0084,synthetic_seed_42
2026-01-02T18:00:00Z,661.43,0.0,49.38,50.0036,synthetic_seed_42
2026-01-02T19:00:00Z,645.06,0.0,48.12,49.9845,synthetic_seed_42
2026-01-02T20:00:00Z,607.91,0.0,44.55,49.9984,synthetic_seed_42
2026-01-02T21:00:00Z,600.99,0.0,50.66,49.9799,synthetic_seed_42
2026-01-02T22:00:00Z,567.08,0.0,50.19,49.9874,synthetic_seed_42
2026-01-02T23:00:00Z,540.0,0.0,46.76,49.9889,synthetic_seed_42
2026-01-03T00:00:00Z,525.89,0.0,48.16,50.0181,synthetic_seed_42
2026-01-03T01:00:00Z,524.92,0.0,55.12,50.0168,synthetic_seed_42
2026-01-03T02:00:00Z,534.07,0.0,55.18,49.9833,synthetic_seed_42
2026-01-03T03:00:00Z,522.98,0.0,52.45,49.9779,synthetic_seed_42
2026-01-03T04:00:00Z,529.77,0.0,52.97,50.0142,synthetic_seed_42
2026-01-03T05:00:00Z,547.94,0.0,61.89,50.0248,synthetic_seed_42
2026-01-03T06:00:00Z,571.67,0.0,55.96,49.9898,synthetic_seed_42
2026-01-03T07:00:00Z,608.18,43.65,62.0,50.0124,synthetic_seed_42
2026-01-03T08:00:00Z,606.71,84.39,63.81,50.0176,synthetic_seed_42
2026-01-03T09:00:00Z,635.6,126.53,61.8,49.9843,synthetic_seed_42
2026-01-03T10:00:00Z,672.85,148.29,65.56,49.981,synthetic_seed_42
2026-01-03T11:00:00Z,702.42,154.21,71.33,50.006,synthetic_seed_42
2026-01-03T12:00:00Z,704.18,168.76,72.71,50.0217,synthetic_seed_42
2026-01-03T13:00:00Z,707.72,166.46,71.88,49.9948,synthetic_seed_42
2026-01-03T14:00:00Z,725.15,139.52,74.55,50.0126,synthetic_seed_42
2026-01-03T15:00:00Z,703.77,116.94,83.12,50.0248,synthetic_seed_42
2026-01-03T16:00:00Z,693.8,79.38,77.38,50.0217,synthetic_seed_42
2026-01-03T17:00:00Z,702.14,45.74,79.84,49.9829,synthetic_seed_42
2026-01-03T18:00:00Z,680.01,0.0,83.47,50.0244,synthetic_seed_42
2026-01-03T19:00:00Z,650.5,0.0,86.52,49.99,synthetic_seed_42
2026-01-03T20:00:00Z,624.9,0.0,80.46,49.9808,synthetic_seed_42
2026-01-03T21:00:00Z,582.33,0.0,82.37,50.0052,synthetic_seed_42
2026-01-03T22:00:00Z,576.53,0.0,86.28,49.9882,synthetic_seed_42
2026-01-03T23:00:00Z,548.95,0.0,88.45,49.9796,synthetic_seed_42
2026-01-04T00:00:00Z,531.1,0.0,79.82,50.0136,synthetic_seed_42
2026-01-04T01:00:00Z,527.52,0.0,86.75,50.0026,synthetic_seed_42
2026-01-04T02:00:00Z,517.83,0.0,79.41,50.0192,synthetic_seed_42
2026-01-04T03:00:00Z,535.53,0.0,86.09,50.0041,synthetic_seed_42
2026-01-04T04:00:00Z,522.84,0.0,79.7,50.0199,synthetic_seed_42
2026-01-04T05:00:00Z,558.17,0.0,84.27,49.9855,synthetic_seed_42
2026-01-04T06:00:00Z,562.49,0.0,81.55,50.0192,synthetic_seed_42
2026-01-04T07:00:00Z,591.31,43.94,73.6,50.0215,synthetic_seed_42
2026-01-04T08:00:00Z,630.94,89.68,78.32,50.0191,synthetic_seed_42
2026-01-04T09:00:00Z,631.63,122.25,71.56,50.0215,synthetic_seed_42
2026-01-04T10:00:00Z,679.07,152.71,74.28,49.9883,synthetic_seed_42
2026-01-04T11:00:00Z,699.33,150.61,72.75,50.0179,synthetic_seed_42
2026-01-04T12:00:00Z,698.28,175.05,66.43,49.9903,synthetic_seed_42
2026-01-04T13:00:00Z,725.45,153.72,59.84,49.9847,synthetic_seed_42
2026-01-04T14:00:00Z,714.85,152.71,67.06,49.989,synthetic_seed_42
2026-01-04T15:00:00Z,720.84,115.82,65.02,50.0018,synthetic_seed_42
2026-01-04T16:00:00Z,719.78,78.06,62.79,49.9839,synthetic_seed_42
2026-01-04T17:00:00Z,704.59,41.45,52.13,49.9967,synthetic_seed_42
2026-01-04T18:00:00Z,676.86,0.0,55.18,50.0006,synthetic_seed_42
2026-01-04T19:00:00Z,642.44,0.0,49.87,50.0104,synthetic_seed_42
2026-01-04T20:00:00Z,605.05,0.0,51.07,50.011,synthetic_seed_42
2026-01-04T21:00:00Z,601.38,0.0,47.87,49.9785,synthetic_seed_42
2026-01-04T22:00:00Z,574.93,0.0,46.1,50.0174,synthetic_seed_42
2026-01-04T23:00:00Z,555.88,0.0,45.0,49.9954,synthetic_seed_42
2026-01-05T00:00:00Z,530.47,0.0,42.34,49.996,synthetic_seed_42
2026-01-05T01:00:00Z,536.62,0.0,49.5,50.0058,synthetic_seed_42
2026-01-05T02:00:00Z,514.03,0.0,40.12,49.9893,synthetic_seed_42
2026-01-05T03:00:00Z,521.3,0.0,46.55,49.9982,synthetic_seed_42
2026-01-05T04:00:00Z,531.66,0.0,44.87,50.0201,synthetic_seed_42
2026-01-05T05:00:00Z,558.17,0.0,41.36,50.0008,synthetic_seed_42
2026-01-05T06:00:00Z,573.99,0.0,49.31,50.0126,synthetic_seed_42
2026-01-05T07:00:00Z,599.3,41.17,43.97,49.9762,synthetic_seed_42
2026-01-05T08:00:00Z,612.35,82.91,51.55,49.9786,synthetic_seed_42
2026-01-05T09:00:00Z,643.32,120.21,46.28,50.0098,synthetic_seed_42
2026-01-05T10:00:00Z,669.83,138.21,52.37,49.9753,synthetic_seed_42
2026-01-05T11:00:00Z,698.24,167.87,48.53,49.9963,synthetic_seed_42
2026-01-05T12:00:00Z,696.88,178.87,54.45,49.9775,synthetic_seed_42
2026-01-05T13:00:00Z,709.07,169.91,55.77,50.0151,synthetic_seed_42
2026-01-05T14:00:00Z,725.03,155.6,59.21,50.0225,synthetic_seed_42
2026-01-05T15:00:00Z,728.34,119.88,62.57,50.0002,synthetic_seed_42
2026-01-05T16:00:00Z,716.52,83.9,66.54,50.0122,synthetic_seed_42
2026-01-05T17:00:00Z,689.95,41.41,62.26,50.0069,synthetic_seed_42
2026-01-05T18:00:00Z,677.97,0.0,68.27,49.9887,synthetic_seed_42
2026-01-05T19:00:00Z,633.21,0.0,66.91,49.991,synthetic_seed_42
2026-01-05T20:00:00Z,621.2,0.0,68.65,50.0097,synthetic_seed_42
2026-01-05T21:00:00Z,600.31,0.0,72.48,50.0021,synthetic_seed_42
2026-01-05T22:00:00Z,567.47,0.0,74.57,50.0202,synthetic_seed_42
2026-01-05T23:00:00Z,551.81,0.0,80.76,50.0133,synthetic_seed_42
2026-01-06T00:00:00Z,529.81,0.0,77.4,50.0127,synthetic_seed_42
2026-01-06T01:00:00Z,534.01,0.0,79.58,50.0124,synthetic_seed_42
2026-01-06T02:00:00Z,521.38,0.0,78.92,49.986,synthetic_seed_42
2026-01-06T03:00:00Z,521.48,0.0,81.19,50.009,synthetic_seed_42
2026-01-06T04:00:00Z,530.53,0.0,83.4,49.9814,synthetic_seed_42
2026-01-06T05:00:00Z,552.96,0.0,83.33,50.0032,synthetic_seed_42
2026-01-06T06:00:00Z,555.81,0.0,81.17,49.9981,synthetic_seed_42
2026-01-06T07:00:00Z,580.63,42.25,82.11,49.9913,synthetic_seed_42
2026-01-06T08:00:00Z,627.84,81.62,87.45,50.0166,synthetic_seed_42
2026-01-06T09:00:00Z,638.45,109.75,79.81,50.002,synthetic_seed_42
2026-01-06T10:00:00Z,685.0,140.68,85.56,50.0141,synthetic_seed_42
2026-01-06T11:00:00Z,695.26,167.46,87.77,49.985,synthetic_seed_42
2026-01-06T12:00:00Z,692.21,157.11,78.52,50.0085,synthetic_seed_42
2026-01-06T13:00:00Z,718.51,153.47,83.03,50.0133,synthetic_seed_42
2026-01-06T14:00:00Z,710.03,146.7,82.09,49.9807,synthetic_seed_42
2026-01-06T15:00:00Z,726.17,126.61,74.09,49.9763,synthetic_seed_42
2026-01-06T16:00:00Z,700.96,85.64,80.82,49.9948,synthetic_seed_42
2026-01-06T17:00:00Z,697.16,40.13,76.24,50.0064,synthetic_seed_42
2026-01-06T18:00:00Z,658.06,0.0,75.82,50.005,synthetic_seed_42
2026-01-06T19:00:00Z,634.51,0.0,73.04,49.9924,synthetic_seed_42
2026-01-06T20:00:00Z,617.85,0.0,68.1,49.9921,synthetic_seed_42
2026-01-06T21:00:00Z,604.61,0.0,61.88,50.023,synthetic_seed_42
2026-01-06T22:00:00Z,574.07,0.0,65.68,49.9968,synthetic_seed_42
2026-01-06T23:00:00Z,556.3,0.0,59.1,50.0154,synthetic_seed_42
2026-01-07T00:00:00Z,534.54,0.0,58.6,50.0116,synthetic_seed_42
2026-01-07T01:00:00Z,516.46,0.0,60.46,49.9793,synthetic_seed_42
2026-01-07T02:00:00Z,531.45,0.0,54.81,50.0055,synthetic_seed_42
2026-01-07T03:00:00Z,519.78,0.0,56.8,49.9841,synthetic_seed_42
2026-01-07T04:00:00Z,524.76,0.0,49.97,50.019,synthetic_seed_42
2026-01-07T05:00:00Z,555.32,0.0,45.11,50.0224,synthetic_seed_42
2026-01-07T06:00:00Z,557.57,0.0,48.52,50.0129,synthetic_seed_42
2026-01-07T07:00:00Z,599.84,44.11,47.37,50.0146,synthetic_seed_42
2026-01-07T08:00:00Z,607.79,79.49,48.42,49.9903,synthetic_seed_42
2026-01-07T09:00:00Z,648.33,117.22,46.08,49.9963,synthetic_seed_42
2026-01-07T10:00:00Z,677.38,140.24,47.31,49.9885,synthetic_seed_42
2026-01-07T11:00:00Z,683.25,150.93,41.96,49.981,synthetic_seed_42
2026-01-07T12:00:00Z,707.68,173.58,41.88,49.9858,synthetic_seed_42
2026-01-07T13:00:00Z,716.12,166.68,50.04,50.0012,synthetic_seed_42
2026-01-07T14:00:00Z,713.49,134.85,42.7,49.9864,synthetic_seed_42
2026-01-07T15:00:00Z,706.98,108.46,46.83,49.9887,synthetic_seed_42
2026-01-07T16:00:00Z,720.83,83.97,49.41,49.9813,synthetic_seed_42
2026-01-07T17:00:00Z,701.76,43.03,52.34,50.0037,synthetic_seed_42
2026-01-07T18:00:00Z,669.08,0.0,46.82,49.9776,synthetic_seed_42
2026-01-07T19:00:00Z,659.11,0.0,54.76,49.995,synthetic_seed_42
2026-01-07T20:00:00Z,607.22,0.0,48.8,49.9825,synthetic_seed_42
2026-01-07T21:00:00Z,596.0,0.0,60.07,49.9809,synthetic_seed_42
2026-01-07T22:00:00Z,577.93,0.0,60.02,49.9863,synthetic_seed_42
2026-01-07T23:00:00Z,549.97,0.0,58.63,50.018,synthetic_seed_42
2026-01-08T00:00:00Z,548.1,0.0,62.57,50.0055,synthetic_seed_42
2026-01-08T01:00:00Z,530.61,0.0,60.64,49.9856,synthetic_seed_42
2026-01-08T02:00:00Z,524.81,0.0,62.52,49.9788,synthetic_seed_42
2026-01-08T03:00:00Z,508.49,0.0,68.94,49.9896,synthetic_seed_42
2026-01-08T04:00:00Z,525.34,0.0,72.2,49.9977,synthetic_seed_42
2026-01-08T05:00:00Z,554.91,0.0,75.16,50.0063,synthetic_seed_42
2026-01-08T06:00:00Z,574.84,0.0,73.55,50.0022,synthetic_seed_42
2026-01-08T07:00:00Z,598.55,45.95,79.47,49.9786,synthetic_seed_42
2026-01-08T08:00:00Z,609.98,80.65,80.47,50.0035,synthetic_seed_42
2026-01-08T09:00:00Z,639.54,110.56,81.47,50.01,synthetic_seed_42
2026-01-08T10:00:00Z,683.28,144.2,80.95,49.979,synthetic_seed_42
2026-01-08T11:00:00Z,676.91,159.05,80.46,49.9875,synthetic_seed_42
2026-01-08T12:00:00Z,694.34,178.97,86.62,50.0038,synthetic_seed_42
2026-01-08T13:00:00Z,730.12,173.86,85.77,49.9885,synthetic_seed_42
2026-01-08T14:00:00Z,706.21,150.19,84.31,50.0076,synthetic_seed_42
2026-01-08T15:00:00Z,729.07,111.65,85.78,50.0067,synthetic_seed_42
2026-01-08T16:00:00Z,706.35,77.73,83.47,49.9917,synthetic_seed_42
2026-01-08T17:00:00Z,695.81,45.59,83.12,50.0097,synthetic_seed_42
2026-01-08T18:00:00Z,663.65,0.0,87.53,50.0025,synthetic_seed_42
2026-01-08T19:00:00Z,644.53,0.0,81.97,50.0235,synthetic_seed_42
2026-01-08T20:00:00Z,617.13,0.0,87.73,50.0079,synthetic_seed_42
2026-01-08T21:00:00Z,595.4,0.0,78.61,49.9931,synthetic_seed_42
2026-01-08T22:00:00Z,577.69,0.0,83.02,49.9852,synthetic_seed_42
2026-01-08T23:00:00Z,550.77,0.0,78.29,50.0099,synthetic_seed_42
2026-01-09T00:00:00Z,522.04,0.0,78.32,49.987,synthetic_seed_42
2026-01-09T01:00:00Z,513.16,0.0,75.92,49.9797,synthetic_seed_42
2026-01-09T02:00:00Z,534.77,0.0,73.05,49.9809,synthetic_seed_42
2026-01-09T03:00:00Z,533.37,0.0,73.54,50.0004,synthetic_seed_42
2026-01-09T04:00:00Z,526.6,0.0,74.04,49.9872,synthetic_seed_42
2026-01-09T05:00:00Z,550.83,0.0,71.26,50.0004,synthetic_seed_42
2026-01-09T06:00:00Z,581.38,0.0,62.59,50.0145,synthetic_seed_42
2026-01-09T07:00:00Z,591.57,46.13,62.68,50.016,synthetic_seed_42
2026-01-09T08:00:00Z,613.49,80.53,61.29,50.0249,synthetic_seed_42
2026-01-09T09:00:00Z,645.57,111.02,58.67,49.9923,synthetic_seed_42
2026-01-09T10:00:00Z,671.56,145.21,55.79,49.9911,synthetic_seed_42
2026-01-09T11:00:00Z,681.37,165.98,55.02,49.9867,synthetic_seed_42
2026-01-09T12:00:00Z,714.87,154.18,54.94,50.0103,synthetic_seed_42
2026-01-09T13:00:00Z,725.93,157.86,52.48,50.016,synthetic_seed_42
2026-01-09T14:00:00Z,734.42,144.08,44.73,50.0001,synthetic_seed_42
2026-01-09T15:00:00Z,719.3,124.79,51.82,49.997,synthetic_seed_42
2026-01-09T16:00:00Z,707.38,82.67,49.22,49.9955,synthetic_seed_42
2026-01-09T17:00:00Z,695.35,40.68,45.84,50.0235,synthetic_seed_42
2026-01-09T18:00:00Z,665.16,0.0,47.02,50.0176,synthetic_seed_42
2026-01-09T19:00:00Z,656.45,0.0,43.94,49.9908,synthetic_seed_42
2026-01-09T20:00:00Z,626.56,0.0,48.72,49.9768,synthetic_seed_42
2026-01-09T21:00:00Z,581.17,0.0,49.32,50.0249,synthetic_seed_42
2026-01-09T22:00:00Z,577.4,0.0,41.45,50.0067,synthetic_seed_42
2026-01-09T23:00:00Z,560.47,0.0,48.0,50.0202,synthetic_seed_42
2026-01-10T00:00:00Z,519.78,0.0,44.82,49.9937,synthetic_seed_42
2026-01-10T01:00:00Z,512.77,0.0,48.6,50.0146,synthetic_seed_42
2026-01-10T02:00:00Z,510.1,0.0,52.91,50.006,synthetic_seed_42
2026-01-10T03:00:00Z,515.63,0.0,47.09,49.9981,synthetic_seed_42
2026-01-10T04:00:00Z,526.02,0.0,47.39,50.0152,synthetic_seed_42
2026-01-10T05:00:00Z,561.33,0.0,50.67,49.9971,synthetic_seed_42
2026-01-10T06:00:00Z,565.37,0.0,57.4,49.9962,synthetic_seed_42
2026-01-10T07:00:00Z,586.62,45.51,55.04,49.9942,synthetic_seed_42
2026-01-10T08:00:00Z,619.5,79.7,60.89,50.0037,synthetic_seed_42
2026-01-10T09:00:00Z,660.66,113.82,67.13,50.0079,synthetic_seed_42
2026-01-10T10:00:00Z,663.23,145.73,66.43,50.0122,synthetic_seed_42
2026-01-10T11:00:00Z,677.18,163.6,66.75,50.0202,synthetic_seed_42
2026-01-10T12:00:00Z,700.19,174.57,70.06,49.9926,synthetic_seed_42
2026-01-10T13:00:00Z,720.69,163.98,72.91,50.011,synthetic_seed_42
2026-01-10T14:00:00Z,724.78,152.1,74.49,50.0202,synthetic_seed_42
2026-01-10T15:00:00Z,720.98,114.09,74.59,50.004,synthetic_seed_42
2026-01-10T16:00:00Z,713.57,77.72,74.98,50.0124,synthetic_seed_42
2026-01-10T17:00:00Z,680.98,40.52,79.12,50.0236,synthetic_seed_42
2026-01-10T18:00:00Z,670.93,0.0,83.56,49.9878,synthetic_seed_42
2026-01-10T19:00:00Z,655.62,0.0,84.66,50.0123,synthetic_seed_42
2026-01-10T20:00:00Z,615.16,0.0,87.36,49.982,synthetic_seed_42
2026-01-10T21:00:00Z,608.11,0.0,85.89,50.024,synthetic_seed_42
2026-01-10T22:00:00Z,584.02,0.0,82.99,50.0145,synthetic_seed_42
2026-01-10T23:00:00Z,534.71,0.0,84.33,50.0086,synthetic_seed_42
2026-01-11T00:00:00Z,538.57,0.0,88.21,50.022,synthetic_seed_42
2026-01-11T01:00:00Z,511.66,0.0,80.2,50.0192,synthetic_seed_42
2026-01-11T02:00:00Z,521.84,0.0,81.87,49.9782,synthetic_seed_42
2026-01-11T03:00:00Z,533.12,0.0,82.15,49.9954,synthetic_seed_42
2026-01-11T04:00:00Z,522.59,0.0,81.41,49.9996,synthetic_seed_42
2026-01-11T05:00:00Z,537.21,0.0,78.73,49.9977,synthetic_seed_42
2026-01-11T06:00:00Z,575.11,0.0,85.62,49.996,synthetic_seed_42
2026-01-11T07:00:00Z,601.39,40.68,78.91,49.98,synthetic_seed_42
2026-01-11T08:00:00Z,619.68,82.01,82.68,49.9766,synthetic_seed_42
2026-01-11T09:00:00Z,642.0,116.65,80.92,50.0178,synthetic_seed_42
2026-01-11T10:00:00Z,657.98,148.53,74.97,50.0239,synthetic_seed_42
2026-01-11T11:00:00Z,686.47,158.17,69.42,49.9811,synthetic_seed_42
2026-01-11T12:00:00Z,717.04,165.28,72.05,50.0071,synthetic_seed_42
2026-01-11T13:00:00Z,719.51,148.34,71.12,49.9872,synthetic_seed_42
2026-01-11T14:00:00Z,708.78,145.7,61.73,50.0133,synthetic_seed_42
2026-01-11T15:00:00Z,707.81,112.31,67.52,49.9914,synthetic_seed_42
2026-01-11T16:00:00Z,696.03,88.66,56.64,50.0179,synthetic_seed_42
2026-01-11T17:00:00Z,680.05,40.51,56.96,49.9837,synthetic_seed_42
2026-01-11T18:00:00Z,674.83,0.0,52.5,50.0145,synthetic_seed_42
2026-01-11T19:00:00Z,638.02,0.0,52.09,49.9776,synthetic_seed_42
2026-01-11T20:00:00Z,627.25,0.0,55.92,49.9988,synthetic_seed_42
2026-01-11T21:00:00Z,602.46,0.0,47.82,50.0002,synthetic_seed_42
2026-01-11T22:00:00Z,583.36,0.0,52.98,50.0183,synthetic_seed_42
2026-01-11T23:00:00Z,549.93,0.0,53.4,49.978,synthetic_seed_42
2026-01-12T00:00:00Z,532.77,0.0,49.42,49.9995,synthetic_seed_42
2026-01-12T01:00:00Z,535.7,0.0,42.39,50.0054,synthetic_seed_42
2026-01-12T02:00:00Z,506.97,0.0,47.16,50.0024,synthetic_seed_42
2026-01-12T03:00:00Z,518.16,0.0,45.62,49.9977,synthetic_seed_42
2026-01-12T04:00:00Z,536.56,0.0,47.06,50.0176,synthetic_seed_42
2026-01-12T05:00:00Z,553.82,0.0,47.23,49.9858,synthetic_seed_42
2026-01-12T06:00:00Z,568.55,0.0,43.63,49.9977,synthetic_seed_42
2026-01-12T07:00:00Z,591.6,40.26,44.97,50.0083,synthetic_seed_42
2026-01-12T08:00:00Z,616.23,78.56,50.64,49.9784,synthetic_seed_42
2026-01-12T09:00:00Z,655.84,109.97,43.3,50.0119,synthetic_seed_42
2026-01-12T10:00:00Z,679.35,145.51,49.35,50.0031,synthetic_seed_42
2026-01-12T11:00:00Z,685.6,150.97,48.37,50.0083,synthetic_seed_42
2026-01-12T12:00:00Z,714.11,176.44,53.59,50.0234,synthetic_seed_42
2026-01-12T13:00:00Z,719.6,156.96,53.86,49.9856,synthetic_seed_42
2026-01-12T14:00:00Z,724.7,137.75,51.02,50.0173,synthetic_seed_42
2026-01-12T15:00:00Z,712.62,122.75,57.66,50.0154,synthetic_seed_42
2026-01-12T16:00:00Z,716.96,89.66,62.18,50.0057,synthetic_seed_42
2026-01-12T17:00:00Z,694.99,39.78,65.44,50.0165,synthetic_seed_42
2026-01-12T18:00:00Z,663.02,0.0,65.38,49.9904,synthetic_seed_42
2026-01-12T19:00:00Z,641.08,0.0,69.27,50.0033,synthetic_seed_42
2026-01-12T20:00:00Z,617.02,0.0,69.12,49.9765,synthetic_seed_42
2026-01-12T21:00:00Z,601.5,0.0,69.16,49.992,synthetic_seed_42
2026-01-12T22:00:00Z,566.1,0.0,74.85,50.0034,synthetic_seed_42
2026-01-12T23:00:00Z,536.84,0.0,70.68,50.0059,synthetic_seed_42
2026-01-13T00:00:00Z,538.62,0.0,77.65,49.9993,synthetic_seed_42
2026-01-13T01:00:00Z,521.67,0.0,80.36,49.9807,synthetic_seed_42
2026-01-13T02:00:00Z,517.9,0.0,81.22,49.9993,synthetic_seed_42
2026-01-13T03:00:00Z,528.42,0.0,79.83,50.005,synthetic_seed_42
2026-01-13T04:00:00Z,518.63,0.0,79.24,49.9819,synthetic_seed_42
2026-01-13T05:00:00Z,541.95,0.0,78.25,50.0124,synthetic_seed_42
2026-01-13T06:00:00Z,560.27,0.0,86.02,50.0,synthetic_seed_42
2026-01-13T07:00:00Z,604.12,45.23,80.29,50.0181,synthetic_seed_42
2026-01-13T08:00:00Z,606.27,76.75,89.12,50.0181,synthetic_seed_42
2026-01-13T09:00:00Z,648.15,119.13,87.09,49.9959,synthetic_seed_42
2026-01-13T10:00:00Z,658.46,132.99,83.09,50.0151,synthetic_seed_42
2026-01-13T11:00:00Z,694.25,169.49,88.65,49.9794,synthetic_seed_42
2026-01-13T12:00:00Z,716.94,159.57,84.7,50.0012,synthetic_seed_42
2026-01-13T13:00:00Z,713.47,155.88,81.34,49.9917,synthetic_seed_42
2026-01-13T14:00:00Z,710.04,144.44,77.99,50.0005,synthetic_seed_42
2026-01-13T15:00:00Z,728.77,114.86,82.83,50.0159,synthetic_seed_42
2026-01-13T16:00:00Z,716.05,79.69,75.53,49.9849,synthetic_seed_42
2026-01-13T17:00:00Z,693.78,44.91,78.95,49.9839,synthetic_seed_42
2026-01-13T18:00:00Z,678.19,0.0,78.13,50.013,synthetic_seed_42
2026-01-13T19:00:00Z,644.35,0.0,74.28,50.0068,synthetic_seed_42
2026-01-13T20:00:00Z,623.74,0.0,72.85,49.9825,synthetic_seed_42
2026-01-13T21:00:00Z,581.17,0.0,67.47,49.9887,synthetic_seed_42
2026-01-13T22:00:00Z,556.69,0.0,65.36,49.9976,synthetic_seed_42
2026-01-13T23:00:00Z,536.0,0.0,60.81,50.0182,synthetic_seed_42
2026-01-14T00:00:00Z,544.06,0.0,62.89,49.9981,synthetic_seed_42
2026-01-14T01:00:00Z,525.04,0.0,64.59,49.9975,synthetic_seed_42
2026-01-14T02:00:00Z,529.29,0.0,56.71,49.9988,synthetic_seed_42
2026-01-14T03:00:00Z,512.93,0.0,52.47,50.02,synthetic_seed_42
2026-01-14T04:00:00Z,528.7,0.0,54.53,49.9836,synthetic_seed_42
2026-01-14T05:00:00Z,541.72,0.0,52.06,50.0011,synthetic_seed_42
2026-01-14T06:00:00Z,559.76,0.0,48.82,49.9954,synthetic_seed_42
2026-01-14T07:00:00Z,589.27,43.78,52.39,50.0074,synthetic_seed_42
2026-01-14T08:00:00Z,606.98,77.78,49.98,49.9892,synthetic_seed_42
2026-01-14T09:00:00Z,652.59,120.72,51.16,50.0187,synthetic_seed_42
2026-01-14T10:00:00Z,665.0,146.13,42.63,49.9925,synthetic_seed_42
2026-01-14T11:00:00Z,704.74,166.0,44.49,50.0048,synthetic_seed_42
2026-01-14T12:00:00Z,719.74,161.36,43.93,50.0146,synthetic_seed_42
2026-01-14T13:00:00Z,725.99,165.26,48.29,50.0119,synthetic_seed_42
2026-01-14T14:00:00Z,725.56,144.81,46.55,49.9962,synthetic_seed_42
2026-01-14T15:00:00Z,712.45,115.11,42.22,49.9857,synthetic_seed_42
2026-01-14T16:00:00Z,720.03,83.06,43.26,49.9819,synthetic_seed_42
2026-01-14T17:00:00Z,678.03,45.5,42.81,50.0135,synthetic_seed_42
2026-01-14T18:00:00Z,680.05,0.0,43.21,49.9918,synthetic_seed_42
2026-01-14T19:00:00Z,653.87,0.0,47.84,49.9831,synthetic_seed_42
2026-01-14T20:00:00Z,629.94,0.0,53.6,49.9833,synthetic_seed_42
2026-01-14T21:00:00Z,592.25,0.0,53.89,49.9869,synthetic_seed_42
2026-01-14T22:00:00Z,568.33,0.0,56.39,49.9974,synthetic_seed_42
2026-01-14T23:00:00Z,550.31,0.0,58.91,49.9985,synthetic_seed_42
